{"cameraMode":{"drawMode":0,"name":"Shaded","section":"Shading Mode"},"sceneLighting":false,"audioPlay":false,"sceneViewState":{"showFog":true,"showMaterialUpdate":false,"showSkybox":true,"showFlares":true,"showImageEffects":true,"showParticleSystems":true},"in2DMode":false,"pivot":{"x":12.6524076461792,"y":1.2797287702560425,"z":-19.87990379333496},"rotation":{"x":-0.009151878766715527,"y":0.9875048398971558,"z":-0.14441046118736268,"w":-0.06256169825792313},"size":1.3512535095214844,"orthographic":false}